sr_no,state,mp_name,member_type,allocated_amount,house,allocation_vs_mean,allocation_pct_from_mean,state_avg_allocation,allocation_vs_state_avg,allocation_pct_from_state_avg,allocation_zscore,zscore_anomaly,risk_level,anomaly_reason
1,Telangana,Dr. Abhishek Manu Singhvi (2026-32) (2026-2032),Elected MP,73421449.0,Rajya Sabha,-72199686.50372294,-49.580499598478326,167406415.53333333,-93984966.53333333,-56.14179494490126,-1.0542527822072645,False,Low,Allocation within the normal range
2,Maharashtra,Dr. Ajeet Madhavrao Gopchade (2024-30) (2024-2030),Elected MP,147000000.0,Rajya Sabha,1378864.496277064,0.9468848677133218,121139530.96111113,25860469.03888887,21.34767142790964,0.020134044922922974,False,Low,Allocation within the normal range
3,Rajasthan,Dr. Alka Singh (2026-32) (2026-2032),Elected MP,49000000.0,Rajya Sabha,-96621135.50372294,-66.35103837742889,137225582.84,-88225582.84,-64.29237246736113,-1.4108523991939008,False,Low,Allocation within the normal range
4,Tamil Nadu,Dr. Anbumani Ramadoss (2026-32) (2026-2032),Elected MP,49356476.5,Rajya Sabha,-96264659.00372294,-66.10624115155443,121750710.55894737,-72394234.05894737,-59.461036183354885,-1.405647164100572,False,Low,Allocation within the normal range
5,Maharashtra,Dr. Anil Sukhdeorao Bonde (2022-28) (2022-2028),Elected MP,196063957.1,Rajya Sabha,50442821.59627706,34.63976669443526,121139530.96111113,74924426.13888887,61.84969146276579,0.7365611623191411,False,Low,Allocation within the normal range
6,Punjab,Dr. Ashok Kumar Mittal (2022-28) (2022-2028),Elected MP,222487632.1,Rajya Sabha,76866496.59627706,52.7852611026453,193845667.27285716,28641964.827142835,14.775653864280807,1.1223970881226986,False,Low,Allocation within the normal range
7,Bihar,Dr. Bhim Singh (2024-30) (2024-2030),Elected MP,186200000.0,Rajya Sabha,40578864.496277064,27.86605416577021,167601610.4953333,18598389.504666686,11.096784481784283,0.5925286225696526,False,Low,Allocation within the normal range
8,Karnataka,Dr. Dharmasthala Veerendra Heggade (2022-28) (2022-2028),Nominated MP,196063957.1,Rajya Sabha,50442821.59627706,34.63976669443526,140461140.57214287,55602816.527857125,39.585907035475564,0.7365611623191411,False,Low,Allocation within the normal range
9,Bihar,Dr. Dharmshila Gupta (2024-30) (2024-2030),Elected MP,186200000.0,Rajya Sabha,40578864.496277064,27.86605416577021,167601610.4953333,18598389.504666686,11.096784481784283,0.5925286225696526,False,Low,Allocation within the normal range
10,Uttar Pradesh,Dr. Dinesh Sharma (2023-26) (2023-2026),Elected MP,147000000.0,Rajya Sabha,1378864.496277064,0.9468848677133218,182929220.4464516,-35929220.446451604,-19.641050434022418,0.020134044922922974,False,Low,Allocation within the normal range
11,Bihar,Dr. Faiyaz Ahmad (2022-28) (2022-2028),Elected MP,235263957.1,Rajya Sabha,89642821.59627706,61.558935992492145,167601610.4953333,67662346.60466668,40.37094059221506,1.3089557399658707,False,Low,Allocation within the normal range
12,Kerala,Dr. John Brittas (2021-27) (2021-2027),Elected MP,245063957.1,Rajya Sabha,99442821.59627706,68.28872831700636,193767187.46363637,51296769.636363626,26.473403628253784,1.452054384377553,False,Low,Allocation within the normal range
13,Maharashtra,Dr. Jyoti Nagnath Waghmare (2026-32) (2026-2032),Elected MP,49000000.0,Rajya Sabha,-96621135.50372294,-66.35103837742889,121139530.96111113,-72139530.96111113,-59.55077619069679,-1.4108523991939008,False,Low,Allocation within the normal range
14,Uttar Pradesh,Dr. K. Laxman (2022-28) (2022-2028),Elected MP,197637007.1,Rajya Sabha,52015871.59627706,35.720001369545166,182929220.4464516,14707786.65354839,8.0401516048956,0.7595306850325898,False,Low,Allocation within the normal range
15,Uttarakhand,Dr. Kalpana Saini (2022-28) (2022-2028),Elected MP,200830405.8,Rajya Sabha,55209270.296277076,37.91295137570576,189957863.5,10872542.300000012,5.723660026319475,0.8061603814648379,False,Low,Allocation within the normal range
16,Madhya Pradesh,Dr. Kavita Patidar (2022-28) (2022-2028),Elected MP,197118521.35,Rajya Sabha,51497385.84627706,35.363950204165576,135976948.68636364,61141572.66363636,44.96466000620581,0.7519598066681231,False,Low,Allocation within the normal range
17,Madhya Pradesh,Dr. L. Murugan (2024-30) (2024-2030),Elected MP,147000000.0,Rajya Sabha,1378864.496277064,0.9468848677133218,135976948.68636364,11023051.313636363,8.106558810244726,0.020134044922922974,False,Low,Allocation within the normal range
18,Uttar Pradesh,Dr. Laxmikant Bajpayee (2022-28) (2022-2028),Elected MP,196000000.0,Rajya Sabha,50378864.496277064,34.59584649028443,182929220.4464516,13070779.553548396,7.1452660879701115,0.7356272669813348,False,Low,Allocation within the normal range
19,Tamil Nadu,Dr. M. Dhanapal (2025-31) (2025-2031),Elected MP,89248285.42,Rajya Sabha,-56372850.083722934,-38.7119973269826,121750710.55894737,-32502425.138947368,-26.695881272258244,-0.8231508600616069,False,Low,Allocation within the normal range
20,Tamil Nadu,Dr. M. Thambi Durai (2026-32) (2026-2032),Elected MP,49356476.5,Rajya Sabha,-96264659.00372294,-66.10624115155443,121750710.55894737,-72394234.05894737,-59.461036183354885,-1.405647164100572,False,Low,Allocation within the normal range
21,Maharashtra,Dr. Medha Vishram Kulkarni (2024-30) (2024-2030),Elected MP,147000000.0,Rajya Sabha,1378864.496277064,0.9468848677133218,121139530.96111113,25860469.03888887,21.34767142790964,0.020134044922922974,False,Low,Allocation within the normal range
22,Delhi,Dr. Meenakshi Jain (2025-31) (2025-2031),Nominated MP,73500000.0,Rajya Sabha,-72121135.50372294,-49.52655756614334,141450874.025,-67950874.025,-48.038497106062685,-1.053105788164695,False,Low,Allocation within the normal range
23,Gujarat,Dr. Mukeshbhai J. Rathwa (2026-32) (2026-2032),Elected MP,49000000.0,Rajya Sabha,-96621135.50372294,-66.35103837742889,133388888.8888889,-84388888.8888889,-63.26530612244898,-1.4108523991939008,False,Low,Allocation within the normal range
24,Gujarat,Dr. Parmar Jashvantsinh Salamsinh (2024-30) (2024-2030),Elected MP,147000000.0,Rajya Sabha,1378864.496277064,0.9468848677133218,133388888.8888889,13611111.111111104,10.204081632653056,0.020134044922922974,False,Low,Allocation within the normal range
25,Uttar Pradesh,Dr. Radha Mohan Das Agrawal (2022-28) (2022-2028),Elected MP,203626524.67,Rajya Sabha,58005389.16627705,39.833083958333845,182929220.4464516,20697304.223548383,11.314378409876321,0.8469890365577891,False,Low,Allocation within the normal range
26,Punjab,Dr. Sandeep Kumar Pathak (2022-28) (2022-2028),Elected MP,232203454.2,Rajya Sabha,86582318.69627705,59.45724732661729,193845667.27285716,38357786.92714283,19.787796893675424,1.2642665750466846,False,Low,Allocation within the normal range
27,Uttar Pradesh,Dr. Sangeeta Balwant (2024-30) (2024-2030),Elected MP,147000000.0,Rajya Sabha,1378864.496277064,0.9468848677133218,182929220.4464516,-35929220.446451604,-19.641050434022418,0.020134044922922974,False,Low,Allocation within the normal range
28,Odisha,Dr. Santrupt Misra (2026-32) (2026-2032),Elected MP,49000000.0,Rajya Sabha,-96621135.50372294,-66.35103837742889,122057659.87,-73057659.87,-59.8550389609399,-1.4108523991939008,False,Low,Allocation within the normal range
29,Jharkhand,Dr. Sarfraz Ahmad (2024-30) (2024-2030),Elected MP,178564551.1,Rajya Sabha,32943415.596277058,22.622688308480353,173256322.32,5308228.780000001,3.0638009100734798,0.4810365422569309,False,Low,Allocation within the normal range
30,Odisha,Dr. Sasmit Patra (2022-28) (2022-2028),Elected MP,196063957.1,Rajya Sabha,50442821.59627706,34.63976669443526,122057659.87,74006297.22999999,60.6322432437439,0.7365611623191411,False,Low,Allocation within the normal range
31,Rajasthan,Dr. Satish Poonia (2026-32) (2026-2032),Elected MP,49000000.0,Rajya Sabha,-96621135.50372294,-66.35103837742889,137225582.84,-88225582.84,-64.29237246736113,-1.4108523991939008,False,Low,Allocation within the normal range
32,Himachal Pradesh,Dr. Sikander Kumar (2022-28) (2022-2028),Elected MP,207863957.1,Rajya Sabha,62242821.59627706,42.74298602395238,134621319.03333333,73242638.06666666,54.40641838350372,0.9088636117127996,False,Low,Allocation within the normal range
33,Uttar Pradesh,Dr. Sudhanshu Trivedi (2024-30) (2024-2030),Elected MP,147000000.0,Rajya Sabha,1378864.496277064,0.9468848677133218,182929220.4464516,-35929220.446451604,-19.641050434022418,0.020134044922922974,False,Low,Allocation within the normal range
34,Karnataka,Dr. Syed Naseer Hussain (2024-30) (2024-2030),Elected MP,147000000.0,Rajya Sabha,1378864.496277064,0.9468848677133218,140461140.57214287,6538859.427857131,4.655280030635005,0.020134044922922974,False,Low,Allocation within the normal range
35,Kerala,Dr. V. Sivadasan (2021-27) (2021-2027),Elected MP,276720323.3,Rajya Sabha,131099187.79627708,90.02758242667693,193767187.46363637,82953135.83636364,42.810724004512466,1.9142975568489617,False,Low,Allocation within the normal range
36,Punjab,Dr. Vikramjit Singh Sahney (2022-28) (2022-2028),Elected MP,198656208.57,Rajya Sabha,53035073.06627706,36.4199007807635,193845667.27285716,4810541.2971428335,2.4816346760908075,0.7744129655162014,False,Low,Allocation within the normal range
37,West Bengal,Ms. Dola Sen (2023-29) (2023-2029),Elected MP,171500000.0,Rajya Sabha,25878864.496277064,17.771365678998876,131469353.81818181,40030646.18181819,30.44865211490989,0.37788065595212894,False,Low,Allocation within the normal range
38,Delhi,Ms. Swati Maliwal (2024-30) (2024-2030),Elected MP,147000000.0,Rajya Sabha,1378864.496277064,0.9468848677133218,141450874.025,5549125.974999994,3.923005787874625,0.020134044922922974,False,Low,Allocation within the normal range
39,Bihar,Prof. Manoj Kumar Jha (2024-30) (2024-2030),Elected MP,191620112.1,Rajya Sabha,45998976.59627706,31.5881183299117,167601610.4953333,24018501.60466668,14.330710506708078,0.6716725709440766,False,Low,Allocation within the normal range
40,Uttar Pradesh,Prof. Ram Gopal Yadav (2020-26) (2020-2026),Elected MP,221271395.1,Rajya Sabha,75650259.59627706,51.95005473250344,182929220.4464516,38342174.65354839,20.960114824723803,1.1046377140427668,False,Low,Allocation within the normal range
41,Kerala,Shri A. A. Rahim (2022-28) (2022-2028),Elected MP,220563957.1,Rajya Sabha,74942821.59627706,51.46424750572082,193767187.46363637,26796769.636363626,13.82936398423623,1.094307773348347,False,Low,Allocation within the normal range
42,Kerala,Shri Abdul Wahab (2021-27) (2021-2027),Elected MP,310898953.3,Rajya Sabha,165277817.79627708,113.49850914467811,193767187.46363637,117131765.83636364,60.449742481990334,2.4133705793845186,False,Medium,Allocation moderately above the normal range
43,Jharkhand,Shri Aditya Prasad (2022-28) (2022-2028),Elected MP,227628508.2,Rajya Sabha,82007372.69627705,56.315570135202286,173256322.32,54372185.879999995,31.38251184829836,1.1974636596531492,False,Low,Allocation within the normal range
44,Karnataka,Shri Ajay Makan (2024-30) (2024-2030),Elected MP,147000000.0,Rajya Sabha,1378864.496277064,0.9468848677133218,140461140.57214287,6538859.427857131,4.655280030635005,0.020134044922922974,False,Low,Allocation within the normal range
45,Bihar,Shri Akhilesh Prasad Singh (2024-30) (2024-2030),Elected MP,186200000.0,Rajya Sabha,40578864.496277064,27.86605416577021,167601610.4953333,18598389.504666686,11.096784481784283,0.5925286225696526,False,Low,Allocation within the normal range
46,Uttar Pradesh,Shri Amar Pal Maurya (2024-30) (2024-2030),Elected MP,147000000.0,Rajya Sabha,1378864.496277064,0.9468848677133218,182929220.4464516,-35929220.446451604,-19.641050434022418,0.020134044922922974,False,Low,Allocation within the normal range
47,Telangana,Shri Anil Kumar Yadav Mandadi (2024-30) (2024-2030),Elected MP,147000000.0,Rajya Sabha,1378864.496277064,0.9468848677133218,167406415.53333333,-20406415.53333333,-12.189745218736903,0.020134044922922974,False,Low,Allocation within the normal range
48,Himachal Pradesh,Shri Anurag Sharma (2026-32) (2026-2032),Elected MP,49000000.0,Rajya Sabha,-96621135.50372294,-66.35103837742889,134621319.03333333,-85621319.03333333,-63.601604595875926,-1.4108523991939008,False,Low,Allocation within the normal range
49,Uttar Pradesh,Shri Arun Singh (2020-26) (2020-2026),Elected MP,223492764.1,Rajya Sabha,77871628.59627706,53.47549881884158,182929220.4464516,40563543.65354839,22.174447337910376,1.1370739275772703,False,Low,Allocation within the normal range
50,Madhya Pradesh,Shri Ashok Singh (2024-30) (2024-2030),Elected MP,147000000.0,Rajya Sabha,1378864.496277064,0.9468848677133218,135976948.68636364,11023051.313636363,8.106558810244726,0.020134044922922974,False,Low,Allocation within the normal range
51,Maharashtra,Shri Ashokrao Shankarrao Chavan (2024-30) (2024-2030),Elected MP,147000000.0,Rajya Sabha,1378864.496277064,0.9468848677133218,121139530.96111113,25860469.03888887,21.34767142790964,0.020134044922922974,False,Low,Allocation within the normal range
52,Odisha,Shri Ashwini Vaishnaw (2024-30) (2024-2030),Elected MP,265563957.1,Rajya Sabha,119942821.59627706,82.36635511828612,122057659.87,143506297.23,117.5725451256761,1.751393385442807,False,Low,Allocation within the normal range
53,Telangana,Shri B. Parthasaradhi Reddy (2022-28) (2022-2028),Elected MP,244365104.0,Rajya Sabha,98743968.49627706,67.80881645697137,167406415.53333333,76958688.46666667,45.9711703529922,1.4418497995558286,False,Low,Allocation within the normal range
54,Uttar Pradesh,Shri B.L. Verma (2020-26) (2020-2026),Elected MP,196063957.1,Rajya Sabha,50442821.59627706,34.63976669443526,182929220.4464516,13134736.65354839,7.180228845611512,0.7365611623191411,False,Low,Allocation within the normal range
55,Gujarat,Shri Babubhai Jesangbhai Desai (2023-29) (2023-2029),Elected MP,171500000.0,Rajya Sabha,25878864.496277064,17.771365678998876,133388888.8888889,38111111.111111104,28.571428571428566,0.37788065595212894,False,Low,Allocation within the normal range
56,Uttar Pradesh,Shri Baburam Nishad (2022-28) (2022-2028),Elected MP,196063957.1,Rajya Sabha,50442821.59627706,34.63976669443526,182929220.4464516,13134736.65354839,7.180228845611512,0.7365611623191411,False,Low,Allocation within the normal range
57,Jharkhand,Shri Baidyanath Ram (2026-32) (2026-2032),Elected MP,49000000.0,Rajya Sabha,-96621135.50372294,-66.35103837742889,173256322.32,-124256322.32,-71.71820378970169,-1.4108523991939008,False,Low,Allocation within the normal range
58,Madhya Pradesh,Shri Balyogi Umeshnath (2024-30) (2024-2030),Elected MP,147000000.0,Rajya Sabha,1378864.496277064,0.9468848677133218,135976948.68636364,11023051.313636363,8.106558810244726,0.020134044922922974,False,Low,Allocation within the normal range
59,Madhya Pradesh,Shri Banshilal Gurjar (2024-30) (2024-2030),Elected MP,147000000.0,Rajya Sabha,1378864.496277064,0.9468848677133218,135976948.68636364,11023051.313636363,8.106558810244726,0.020134044922922974,False,Low,Allocation within the normal range
60,Andhra Pradesh,Shri Bhashyam Rama Krishna (2026-32) (2026-2032),Elected MP,49000000.0,Rajya Sabha,-96621135.50372294,-66.35103837742889,124788245.59166665,-75788245.59166665,-60.73348113223878,-1.4108523991939008,False,Low,Allocation within the normal range
61,Assam,Shri Birendra Prasad Baishya (2025-31) (2025-2031),Elected MP,98000000.0,Rajya Sabha,-47621135.503722936,-32.702076754857785,112018273.45714286,-14018273.45714286,-12.514273809537082,-0.695359177135489,False,Low,Allocation within the normal range
62,Uttar Pradesh,Shri Brij Lal (2020-26) (2020-2026),Elected MP,196063957.1,Rajya Sabha,50442821.59627706,34.63976669443526,182929220.4464516,13134736.65354839,7.180228845611512,0.7365611623191411,False,Low,Allocation within the normal range
63,Kerala,Shri C. Sadanandan Master (2025-31) (2025-2031),Nominated MP,73500000.0,Rajya Sabha,-72121135.50372294,-49.52655756614334,193767187.46363637,-120267187.46363637,-62.067881067947326,-1.053105788164695,False,Low,Allocation within the normal range
64,Maharashtra,Shri Chandrakant Damodar Handore (2024-30) (2024-2030),Elected MP,147000000.0,Rajya Sabha,1378864.496277064,0.9468848677133218,121139530.96111113,25860469.03888887,21.34767142790964,0.020134044922922974,False,Low,Allocation within the normal range
65,Jammu And Kashmir,Shri Chowdry Mohammad Ramzan (2025-31) (2025-2031),Elected MP,73500000.0,Rajya Sabha,-72121135.50372294,-49.52655756614334,98012791.42,-24512791.42,-25.009788074455397,-1.053105788164695,False,Low,Allocation within the normal range
66,Tamil Nadu,Shri Christopher Manickam (2026-32) (2026-2032),Elected MP,49356476.5,Rajya Sabha,-96264659.00372294,-66.10624115155443,121750710.55894737,-72394234.05894737,-59.461036183354885,-1.405647164100572,False,Low,Allocation within the normal range
67,Rajasthan,Shri Chunnilal Garasiya (2024-30) (2024-2030),Elected MP,147000000.0,Rajya Sabha,1378864.496277064,0.9468848677133218,137225582.84,9774417.159999996,7.122882597916607,0.020134044922922974,False,Low,Allocation within the normal range
68,Tamil Nadu,Shri Constandine Ravindran (2026-32) (2026-2032),Elected MP,49356476.5,Rajya Sabha,-96264659.00372294,-66.10624115155443,121750710.55894737,-72394234.05894737,-59.461036183354885,-1.405647164100572,False,Low,Allocation within the normal range
69,Telangana,Shri Damodar Rao Divakonda (2022-28) (2022-2028),Elected MP,239919406.1,Rajya Sabha,94298270.59627706,64.75589568099902,167406415.53333333,72512990.56666666,43.31553861639678,1.3769341523156382,False,Low,Allocation within the normal range
70,Odisha,Shri Debashish Samantaray (2026-30) (2026-2030),Elected MP,23800006.0,Rajya Sabha,-121821129.50372294,-83.65621452018445,122057659.87,-98257653.87,-80.50101400817557,-1.7788202543553835,False,Low,Allocation within the normal range
71,West Bengal,Shri Derek O' Brien (2023-29) (2023-2029),Elected MP,171500000.0,Rajya Sabha,25878864.496277064,17.771365678998876,131469353.81818181,40030646.18181819,30.44865211490989,0.37788065595212894,False,Low,Allocation within the normal range
72,Chhattisgarh,Shri Devendra Pratap Singh (2024-30) (2024-2030),Elected MP,170837637.8,Rajya Sabha,25216502.296277076,17.316512612712316,157358457.98,13479179.820000023,8.565907414848462,0.3682089076940128,False,Low,Allocation within the normal range
73,Maharashtra,Shri Dhananjay Bhimrao Mahadik (2022-28) (2022-2028),Elected MP,220383643.1,Rajya Sabha,74762507.59627706,51.34042344723076,121139530.96111113,99244112.13888887,81.92545517676534,1.0916748459025871,False,Low,Allocation within the normal range
74,Odisha,Shri Dilip Kumar Ray (2026-32) (2026-2032),Elected MP,49000000.0,Rajya Sabha,-96621135.50372294,-66.35103837742889,122057659.87,-73057659.87,-59.8550389609399,-1.4108523991939008,False,Low,Allocation within the normal range
75,Sikkim,Shri Dorjee Tshering Lepcha (2024-30) (2024-2030),Elected MP,150170726.1,Rajya Sabha,4549590.596277058,3.1242652933170842,150170726.1,0.0,0.0,0.06643267826075355,False,Low,Allocation within the normal range
76,Karnataka,Shri G.C. Chandrashekhar (2024-30) (2024-2030),Elected MP,147000000.0,Rajya Sabha,1378864.496277064,0.9468848677133218,140461140.57214287,6538859.427857131,4.655280030635005,0.020134044922922974,False,Low,Allocation within the normal range
77,Rajasthan,Shri Ghanshyam Tiwari (2022-28) (2022-2028),Elected MP,196063957.1,Rajya Sabha,50442821.59627706,34.63976669443526,137225582.84,58838374.25999999,42.87711740208338,0.7365611623191411,False,Low,Allocation within the normal range
78,Andhra Pradesh,Shri Golla Baburao (2024-30) (2024-2030),Elected MP,147000000.0,Rajya Sabha,1378864.496277064,0.9468848677133218,124788245.59166665,22211754.408333346,17.79955660328367,0.020134044922922974,False,Low,Allocation within the normal range
79,Gujarat,Shri Govindbhai Laljibhai Dholakia (2024-30) (2024-2030),Elected MP,147000000.0,Rajya Sabha,1378864.496277064,0.9468848677133218,133388888.8888889,13611111.111111104,10.204081632653056,0.020134044922922974,False,Low,Allocation within the normal range
80,Jammu And Kashmir,Shri Gulam Ali (2022-28) (2022-2028),Nominated MP,196063957.1,Rajya Sabha,50442821.59627706,34.63976669443526,98012791.42,98051165.67999999,100.03915229782156,0.7365611623191411,False,Low,Allocation within the normal range
81,Jammu And Kashmir,Shri Gurwinder Singh Oberoi (2025-31) (2025-2031),Elected MP,73500000.0,Rajya Sabha,-72121135.50372294,-49.52655756614334,98012791.42,-24512791.42,-25.009788074455397,-1.053105788164695,False,Low,Allocation within the normal range
82,Punjab,Shri Harbhajan Singh (2022-28) (2022-2028),Elected MP,220984094.3,Rajya Sabha,75362958.79627708,51.75276139386398,193845667.27285716,27138427.027142853,14.000017337990228,1.1004425757755842,False,Low,Allocation within the normal range
83,Uttar Pradesh,Shri Hardeep Singh Puri (2020-26) (2020-2026),Elected MP,226801049.1,Rajya Sabha,81179913.59627706,55.747342798464594,182929220.4464516,43871828.65354839,23.982952830868744,1.1853811825596685,False,Low,Allocation within the normal range
84,Kerala,Shri Haris Beeran (2024-30) (2024-2030),Elected MP,122500000.0,Rajya Sabha,-23121135.503722936,-15.877595943572231,193767187.46363637,-71267187.46363637,-36.77980177991221,-0.337612566106283,False,Low,Allocation within the normal range
85,Himachal Pradesh,Shri Harsh Mahajan (2024-30) (2024-2030),Elected MP,147000000.0,Rajya Sabha,1378864.496277064,0.9468848677133218,134621319.03333333,12378680.966666669,9.195186212372207,0.020134044922922974,False,Low,Allocation within the normal range
86,West Bengal,Shri Harsh Vardhan Shringla (2025-31) (2025-2031),Nominated MP,73500000.0,Rajya Sabha,-72121135.50372294,-49.52655756614334,131469353.81818181,-57969353.81818181,-44.09343480789576,-1.053105788164695,False,Low,Allocation within the normal range
87,Tamil Nadu,Shri I.S. Inbadurai (2025-31) (2025-2031),Elected MP,89248285.42,Rajya Sabha,-56372850.083722934,-38.7119973269826,121750710.55894737,-32502425.138947368,-26.695881272258244,-0.8231508600616069,False,Low,Allocation within the normal range
88,Tamil Nadu,Shri Ilaiyaraaja (2022-28) (2022-2028),Nominated MP,220563957.1,Rajya Sabha,74942821.59627706,51.46424750572082,121750710.55894737,98813246.54105262,81.16030377762006,1.094307773348347,False,Low,Allocation within the normal range
89,Maharashtra,Shri Imran Pratapgarhi (2022-28) (2022-2028),Elected MP,196000000.0,Rajya Sabha,50378864.496277064,34.59584649028443,121139530.96111113,74860469.03888887,61.79689523721286,0.7356272669813348,False,Low,Allocation within the normal range
90,Gujarat,Shri Jagat Prakash Nadda (2024-30) (2024-2030),Elected MP,147000000.0,Rajya Sabha,1378864.496277064,0.9468848677133218,133388888.8888889,13611111.111111104,10.204081632653056,0.020134044922922974,False,Low,Allocation within the normal range
91,Karnataka,Shri Jaggesh (2022-28) (2022-2028),Elected MP,196063957.1,Rajya Sabha,50442821.59627706,34.63976669443526,140461140.57214287,55602816.527857125,39.585907035475564,0.7365611623191411,False,Low,Allocation within the normal range
92,Karnataka,Shri Jairam Ramesh (2022-28) (2022-2028),Elected MP,220563957.1,Rajya Sabha,74942821.59627706,51.46424750572082,140461140.57214287,80102816.52785712,57.02845370724806,1.094307773348347,False,Low,Allocation within the normal range
93,Meghalaya,Shri James Pangsang Kongkal Sangma (2026-32) (2026-2032),Elected MP,49000000.0,Rajya Sabha,-96621135.50372294,-66.35103837742889,49000000.0,0.0,0.0,-1.4108523991939008,False,Low,Allocation within the normal range
94,Uttar Pradesh,Shri Javed Ali Khan (2022-28) (2022-2028),Elected MP,196063957.1,Rajya Sabha,50442821.59627706,34.63976669443526,182929220.4464516,13134736.65354839,7.180228845611512,0.7365611623191411,False,Low,Allocation within the normal range
95,Uttar Pradesh,Shri Jayant Chaudhary (2022-28) (2022-2028),Elected MP,214074707.67,Rajya Sabha,68453572.16627705,47.00799230103996,182929220.4464516,31145487.223548383,17.025977122482473,0.9995523859317876,False,Low,Allocation within the normal range
96,Assam,Shri Jogen Mohan (2026-32) (2026-2032),Elected MP,49000000.0,Rajya Sabha,-96621135.50372294,-66.35103837742889,112018273.45714286,-63018273.45714286,-56.257136904768544,-1.4108523991939008,False,Low,Allocation within the normal range
97,Kerala,Shri Jose K. Mani (2024-30) (2024-2030),Elected MP,122500000.0,Rajya Sabha,-23121135.503722936,-15.877595943572231,193767187.46363637,-71267187.46363637,-36.77980177991221,-0.337612566106283,False,Low,Allocation within the normal range
98,Tamil Nadu,Shri K.R.N. Rajeshkumar (2022-28) (2022-2028),Elected MP,238513975.5,Rajya Sabha,92892839.99627706,63.790767511150314,121750710.55894737,116763264.94105263,95.90355933448126,1.3564121917365877,False,Low,Allocation within the normal range
99,Tamil Nadu,Shri Kamal Haasan (2025-31) (2025-2031),Elected MP,89248285.42,Rajya Sabha,-56372850.083722934,-38.7119973269826,121750710.55894737,-32502425.138947368,-26.695881272258244,-0.8231508600616069,False,Low,Allocation within the normal range
100,Assam,Shri Kanad Purkayastha (2025-31) (2025-2031),Elected MP,98000000.0,Rajya Sabha,-47621135.503722936,-32.702076754857785,112018273.45714286,-14018273.45714286,-12.514273809537082,-0.695359177135489,False,Low,Allocation within the normal range
101,Uttar Pradesh,Shri Kapil Sibal (2022-28) (2022-2028),Elected MP,196063957.1,Rajya Sabha,50442821.59627706,34.63976669443526,182929220.4464516,13134736.65354839,7.180228845611512,0.7365611623191411,False,Low,Allocation within the normal range
102,Haryana,Shri Karamvir Singh Singh Boudh (2026-32) (2026-2032),Elected MP,49000000.0,Rajya Sabha,-96621135.50372294,-66.35103837742889,107800000.0,-58800000.0,-54.54545454545454,-1.4108523991939008,False,Low,Allocation within the normal range
103,Haryana,Shri Kartikeya Sharma (2022-28) (2022-2028),Elected MP,196000000.0,Rajya Sabha,50378864.496277064,34.59584649028443,107800000.0,88200000.0,81.81818181818183,0.7356272669813348,False,Low,Allocation within the normal range
104,Gujarat,Shri Kesridevsinh Jhala (2023-29) (2023-2029),Elected MP,171500000.0,Rajya Sabha,25878864.496277064,17.771365678998876,133388888.8888889,38111111.111111104,28.571428571428566,0.37788065595212894,False,Low,Allocation within the normal range
105,Mizoram,Shri Khiangte Laltluangkima (2026-32) (2026-2032),Elected MP,24500000.0,Rajya Sabha,-121121135.50372294,-83.17551918871445,24500000.0,0.0,0.0,-1.7685990102231068,False,Low,Allocation within the normal range
106,Bihar,Shri Khiru Mahto (2022-28) (2022-2028),Elected MP,235770091.8,Rajya Sabha,90148956.29627708,61.90650552506668,167601610.4953333,68168481.3046667,40.6729273681799,1.3163462695025765,False,Low,Allocation within the normal range
107,Tamil Nadu,Shri L. K. Sudhish (2026-32) (2026-2032),Elected MP,49356476.5,Rajya Sabha,-96264659.00372294,-66.10624115155443,121750710.55894737,-72394234.05894737,-59.461036183354885,-1.405647164100572,False,Low,Allocation within the normal range
108,Karnataka,Shri Lahar Singh Siroya (2022-28) (2022-2028),Elected MP,206278088.1,Rajya Sabha,60656952.59627706,41.65394836845391,140461140.57214287,65816947.527857125,46.857762410132636,0.885706907211319,False,Low,Allocation within the normal range
109,Andhra Pradesh,Shri Lingamaneni Ramesh (2026-32) (2026-2032),Elected MP,49000000.0,Rajya Sabha,-96621135.50372294,-66.35103837742889,124788245.59166665,-75788245.59166665,-60.73348113223878,-1.4108523991939008,False,Low,Allocation within the normal range
110,Karnataka,Shri M. Nagaraja (2026-32) (2026-2032),Elected MP,49000000.0,Rajya Sabha,-96621135.50372294,-66.35103837742889,140461140.57214287,-91461140.57214287,-65.11490665645499,-1.4108523991939008,False,Low,Allocation within the normal range
111,Rajasthan,Shri Madan Rathore (2024-30) (2024-2030),Elected MP,147000000.0,Rajya Sabha,1378864.496277064,0.9468848677133218,137225582.84,9774417.159999996,7.122882597916607,0.020134044922922974,False,Low,Allocation within the normal range
112,Uttarakhand,Shri Mahendra Bhatt (2024-30) (2024-2030),Elected MP,147000000.0,Rajya Sabha,1378864.496277064,0.9468848677133218,189957863.5,-42957863.5,-22.614417065182458,0.020134044922922974,False,Low,Allocation within the normal range
113,Madhya Pradesh,Shri Mahesh Kewat (2026-32) (2026-2032),Elected MP,49000000.0,Rajya Sabha,-96621135.50372294,-66.35103837742889,135976948.68636364,-86976948.68636364,-63.96448039658509,-1.4108523991939008,False,Low,Allocation within the normal range
114,Karnataka,Shri Mallikarjun Kharge (2026-32) (2026-2032),Elected MP,49063957.11,Rajya Sabha,-96557178.39372294,-66.30711816641093,140461140.57214287,-91397183.46214287,-65.06937298804003,-1.4099185037100754,False,Low,Allocation within the normal range
115,Bihar,Shri Manan Kumar Mishra (2024-28) (2024-2028),Elected MP,235263957.1,Rajya Sabha,89642821.59627706,61.558935992492145,167601610.4953333,67662346.60466668,40.37094059221506,1.3089557399658707,False,Low,Allocation within the normal range
116,Odisha,Shri Manas Ranjan Mangaraj (2022-28) (2022-2028),Elected MP,196063957.1,Rajya Sabha,50442821.59627706,34.63976669443526,122057659.87,74006297.22999999,60.6322432437439,0.7365611623191411,False,Low,Allocation within the normal range
117,Odisha,Shri Manmohan Samal (2026-32) (2026-2032),Elected MP,49000000.0,Rajya Sabha,-96621135.50372294,-66.35103837742889,122057659.87,-73057659.87,-59.8550389609399,-1.4108523991939008,False,Low,Allocation within the normal range
118,Karnataka,Shri Mansoor Ali Khan (2026-32) (2026-2032),Elected MP,49000000.0,Rajya Sabha,-96621135.50372294,-66.35103837742889,140461140.57214287,-91461140.57214287,-65.11490665645499,-1.4108523991939008,False,Low,Allocation within the normal range
119,Andhra Pradesh,Shri Masthan Rao Yadav Beedha (2024-28) (2024-2028),Elected MP,171296045.1,Rajya Sabha,25674909.596277058,17.631307095267537,124788245.59166665,46507799.50833334,37.26937524269444,0.3749025263897696,False,Low,Allocation within the normal range
120,Gujarat,Shri Mayankkumar Nayak (2024-30) (2024-2030),Elected MP,147000000.0,Rajya Sabha,1378864.496277064,0.9468848677133218,133388888.8888889,13611111.111111104,10.204081632653056,0.020134044922922974,False,Low,Allocation within the normal range
121,Andhra Pradesh,Shri Meda Raghunadha Reddy (2024-30) (2024-2030),Elected MP,147000000.0,Rajya Sabha,1378864.496277064,0.9468848677133218,124788245.59166665,22211754.408333346,17.79955660328367,0.020134044922922974,False,Low,Allocation within the normal range
122,Maharashtra,Shri Milind Murli Deora (2024-30) (2024-2030),Elected MP,147000000.0,Rajya Sabha,1378864.496277064,0.9468848677133218,121139530.96111113,25860469.03888887,21.34767142790964,0.020134044922922974,False,Low,Allocation within the normal range
123,Uttar Pradesh,Shri Mithlesh Kumar (2022-28) (2022-2028),Elected MP,196063957.1,Rajya Sabha,50442821.59627706,34.63976669443526,182929220.4464516,13134736.65354839,7.180228845611512,0.7365611623191411,False,Low,Allocation within the normal range
124,West Bengal,Shri Mohammed Nadimul Haque (2024-30) (2024-2030),Elected MP,147000000.0,Rajya Sabha,1378864.496277064,0.9468848677133218,131469353.81818181,15530646.181818187,11.81313038420848,0.020134044922922974,False,Low,Allocation within the normal range
125,Rajasthan,Shri Mukul Wasnik (2022-28) (2022-2028),Elected MP,196063957.1,Rajya Sabha,50442821.59627706,34.63976669443526,137225582.84,58838374.25999999,42.87711740208338,0.7365611623191411,False,Low,Allocation within the normal range
126,West Bengal,Shri Nagendra Ray (2023-29) (2023-2029),Elected MP,171500000.0,Rajya Sabha,25878864.496277064,17.771365678998876,131469353.81818181,40030646.18181819,30.44865211490989,0.37788065595212894,False,Low,Allocation within the normal range
127,Delhi,Shri Narain Dass Gupta (2024-30) (2024-2030),Elected MP,160837070.0,Rajya Sabha,15215934.496277064,10.448987671771077,141450874.025,19386195.974999994,13.70525004431834,0.22218159182389827,False,Low,Allocation within the normal range
128,Karnataka,Shri Narayanasa K. Bhandage (2024-30) (2024-2030),Elected MP,147450000.0,Rajya Sabha,1828864.496277064,1.2559059438389748,140461140.57214287,6988859.427857131,4.975653336851235,0.026704901043867572,False,Low,Allocation within the normal range
129,Uttarakhand,Shri Naresh Bansal (2020-26) (2020-2026),Elected MP,222043184.7,Rajya Sabha,76422049.19627705,52.48005307191362,189957863.5,32085321.199999988,16.890757038862983,1.1159073105255253,False,Low,Allocation within the normal range
130,Uttar Pradesh,Shri Naveen Jain (2024-30) (2024-2030),Elected MP,147000000.0,Rajya Sabha,1378864.496277064,0.9468848677133218,182929220.4464516,-35929220.446451604,-19.641050434022418,0.020134044922922974,False,Low,Allocation within the normal range
131,Rajasthan,Shri Neeraj Dangi (2026-32) (2026-2032),Elected MP,49000000.0,Rajya Sabha,-96621135.50372294,-66.35103837742889,137225582.84,-88225582.84,-64.29237246736113,-1.4108523991939008,False,Low,Allocation within the normal range
132,Uttar Pradesh,Shri Neeraj Shekhar (2020-26) (2020-2026),Elected MP,236483662.1,Rajya Sabha,90862526.59627706,62.39652388506068,182929220.4464516,53554441.65354839,29.276045414092412,1.3267657534436412,False,Low,Allocation within the normal range
133,Maharashtra,Shri Nitin Laxmanrao Jadhav Patil (2024-28) (2024-2028),Elected MP,122500000.0,Rajya Sabha,-23121135.503722936,-15.877595943572231,121139530.96111113,1360469.0388888717,1.1230595232580327,-0.337612566106283,False,Low,Allocation within the normal range
134,Bihar,Shri Nitin Nabin (2026-32) (2026-2032),Elected MP,49000000.0,Rajya Sabha,-96621135.50372294,-66.35103837742889,167601610.4953333,-118601610.49533331,-70.76400408374099,-1.4108523991939008,False,Low,Allocation within the normal range
135,Tamil Nadu,Shri P. Chidambaram (2022-28) (2022-2028),Elected MP,236312242.5,Rajya Sabha,90691106.99627706,62.27880773114729,121750710.55894737,114561531.94105263,94.09516496052481,1.3242627011593973,False,Low,Allocation within the normal range
136,Kerala,Shri P. P. Suneer (2024-30) (2024-2030),Elected MP,122500000.0,Rajya Sabha,-23121135.503722936,-15.877595943572231,193767187.46363637,-71267187.46363637,-36.77980177991221,-0.337612566106283,False,Low,Allocation within the normal range
137,Tamil Nadu,Shri P. Wilson (2025-31) (2025-2031),Elected MP,89248285.42,Rajya Sabha,-56372850.083722934,-38.7119973269826,121750710.55894737,-32502425.138947368,-26.695881272258244,-0.8231508600616069,False,Low,Allocation within the normal range
138,Assam,Shri Pabitra Margherita (2022-28) (2022-2028),Elected MP,220563957.1,Rajya Sabha,74942821.59627706,51.46424750572082,112018273.45714286,108545683.64285713,96.89997916668989,1.094307773348347,False,Low,Allocation within the normal range
139,Andhra Pradesh,Shri Paka Venkata Satyanarayana (2025-28) (2025-2028),Elected MP,98000000.0,Rajya Sabha,-47621135.503722936,-32.702076754857785,124788245.59166665,-26788245.591666654,-21.46696226447755,-0.695359177135489,False,Low,Allocation within the normal range
140,Maharashtra,Shri Parth Ajit Pawar (2026-32) (2026-2032),Elected MP,49000000.0,Rajya Sabha,-96621135.50372294,-66.35103837742889,121139530.96111113,-72139530.96111113,-59.55077619069679,-1.4108523991939008,False,Low,Allocation within the normal range
141,Karnataka,Shri Pawan Khera (2026-32) (2026-2032),Elected MP,49000000.0,Rajya Sabha,-96621135.50372294,-66.35103837742889,140461140.57214287,-91461140.57214287,-65.11490665645499,-1.4108523991939008,False,Low,Allocation within the normal range
142,Jharkhand,Shri Pradip Kumar Varma (2024-30) (2024-2030),Elected MP,178564551.1,Rajya Sabha,32943415.596277058,22.622688308480353,173256322.32,5308228.780000001,3.0638009100734798,0.4810365422569309,False,Low,Allocation within the normal range
143,Maharashtra,Shri Praful Patel (2024-30) (2024-2030),Elected MP,147000000.0,Rajya Sabha,1378864.496277064,0.9468848677133218,121139530.96111113,25860469.03888887,21.34767142790964,0.020134044922922974,False,Low,Allocation within the normal range
144,West Bengal,Shri Prakash Chik Baraik (2026-29) (2026-2029),Elected MP,49662892.0,Rajya Sabha,-95958243.50372294,-65.8958214903287,131469353.81818181,-81806461.81818181,-62.224738649980516,-1.401172914847845,False,Low,Allocation within the normal range
145,Assam,Shri Pramod Boro (2026-32) (2026-2032),Elected MP,49000000.0,Rajya Sabha,-96621135.50372294,-66.35103837742889,112018273.45714286,-63018273.45714286,-56.257136904768544,-1.4108523991939008,False,Low,Allocation within the normal range
146,Rajasthan,Shri Pramod Tiwari (2022-28) (2022-2028),Elected MP,196063957.1,Rajya Sabha,50442821.59627706,34.63976669443526,137225582.84,58838374.25999999,42.87711740208338,0.7365611623191411,False,Low,Allocation within the normal range
147,Tamil Nadu,Shri Praveen Chakravarthy (2026-28) (2026-2028),Elected MP,49356476.5,Rajya Sabha,-96264659.00372294,-66.10624115155443,121750710.55894737,-72394234.05894737,-59.461036183354885,-1.405647164100572,False,Low,Allocation within the normal range
148,Tamil Nadu,Shri R. Dharmar (2022-28) (2022-2028),Elected MP,260812242.5,Rajya Sabha,115191106.99627706,79.10328854243284,121750710.55894737,139061531.94105262,114.21825080332812,1.682009312188603,False,Low,Allocation within the normal range
149,Tamil Nadu,Shri R. Girirajan (2022-28) (2022-2028),Elected MP,236312242.5,Rajya Sabha,90691106.99627706,62.27880773114729,121750710.55894737,114561531.94105263,94.09516496052481,1.3242627011593973,False,Low,Allocation within the normal range
150,Punjab,Shri Raghav Chadha (2022-28) (2022-2028),Elected MP,237229207.3,Rajya Sabha,91608071.79627708,62.90849984062583,193845667.27285716,43383540.02714285,22.380453810234606,1.3376521317566656,False,Low,Allocation within the normal range
151,West Bengal,Shri Rajeev Kumar (2026-32) (2026-2032),Elected MP,49000000.0,Rajya Sabha,-96621135.50372294,-66.35103837742889,131469353.81818181,-82469353.81818181,-62.72895653859717,-1.4108523991939008,False,Low,Allocation within the normal range
152,Chhattisgarh,Shri Rajeev Shukla (2022-28) (2022-2028),Elected MP,271174394.2,Rajya Sabha,125553258.69627705,86.2191180297912,157358457.98,113815936.22,72.32908715619584,1.8333164409088285,False,Low,Allocation within the normal range
153,Gujarat,Shri Rajesh Parmanand Shukla (2026-32) (2026-2032),Elected MP,49000000.0,Rajya Sabha,-96621135.50372294,-66.35103837742889,133388888.8888889,-84388888.8888889,-63.26530612244898,-1.4108523991939008,False,Low,Allocation within the normal range
154,Tripura,Shri Rajib Bhattacharjee (2024-28) (2024-2028),Elected MP,122500000.0,Rajya Sabha,-23121135.503722936,-15.877595943572231,122500000.0,0.0,0.0,-0.337612566106283,False,Low,Allocation within the normal range
155,Punjab,Shri Rajinder Gupta (2025-28) (2025-2028),Elected MP,49000000.0,Rajya Sabha,-96621135.50372294,-66.35103837742889,193845667.27285716,-144845667.27285716,-74.72215877230435,-1.4108523991939008,False,Low,Allocation within the normal range
156,Madhya Pradesh,Shri Rajneesh Kumar Agrawal (2026-32) (2026-2032),Elected MP,49000000.0,Rajya Sabha,-96621135.50372294,-66.35103837742889,135976948.68636364,-86976948.68636364,-63.96448039658509,-1.4108523991939008,False,Low,Allocation within the normal range
157,Bihar,Shri Ram Nath Thakur (2026-32) (2026-2032),Elected MP,65673638.73,Rajya Sabha,-79947496.77372295,-54.90102552570675,167601610.4953333,-101927971.76533332,-60.81562788334388,-1.1673855522884802,False,Low,Allocation within the normal range
158,Maharashtra,Shri Ramdas Bandu Athawale (2026-32) (2026-2032),Elected MP,49000000.0,Rajya Sabha,-96621135.50372294,-66.35103837742889,121139530.96111113,-72139530.96111113,-59.55077619069679,-1.4108523991939008,False,Low,Allocation within the normal range
159,Uttar Pradesh,Shri Ramji (2020-26) (2020-2026),Elected MP,174518577.1,Rajya Sabha,28897441.596277058,19.844263331910543,182929220.4464516,-8410643.34645161,-4.597758261870272,0.42195762442785817,False,Low,Allocation within the normal range
160,Uttar Pradesh,Shri Ramji Lal Suman (2024-30) (2024-2030),Elected MP,147000000.0,Rajya Sabha,1378864.496277064,0.9468848677133218,182929220.4464516,-35929220.446451604,-19.641050434022418,0.020134044922922974,False,Low,Allocation within the normal range
161,Maharashtra,Shri Ramrao Sakharam Wadkute (2026-32) (2026-2032),Elected MP,49000000.0,Rajya Sabha,-96621135.50372294,-66.35103837742889,121139530.96111113,-72139530.96111113,-59.55077619069679,-1.4108523991939008,False,Low,Allocation within the normal range
162,Rajasthan,Shri Randeep Singh Surjewala (2022-28) (2022-2028),Elected MP,196063957.1,Rajya Sabha,50442821.59627706,34.63976669443526,137225582.84,58838374.25999999,42.87711740208338,0.7365611623191411,False,Low,Allocation within the normal range
163,Uttar Pradesh,Shri Ratanjit Pratap Narain Singh (2024-30) (2024-2030),Elected MP,147000000.0,Rajya Sabha,1378864.496277064,0.9468848677133218,182929220.4464516,-35929220.446451604,-19.641050434022418,0.020134044922922974,False,Low,Allocation within the normal range
164,Telangana,Shri Ravi Chandra Vaddiraju (2024-30) (2024-2030),Elected MP,152732534.1,Rajya Sabha,7111398.596277058,4.883493437733321,167406415.53333333,-14673881.433333337,-8.765423587013922,0.10383994887738653,False,Low,Allocation within the normal range
165,Assam,Shri Rwngwra Narzary (2022-28) (2022-2028),Elected MP,220563957.1,Rajya Sabha,74942821.59627706,51.46424750572082,112018273.45714286,108545683.64285713,96.89997916668989,1.094307773348347,False,Low,Allocation within the normal range
166,Andhra Pradesh,Shri Ryaga Krishnaiah (2024-28) (2024-2028),Elected MP,170413583.8,Rajya Sabha,24792448.296277076,17.025309005122566,124788245.59166665,45625338.20833336,36.56220823684712,0.3620169125350994,False,Low,Allocation within the normal range
167,Andhra Pradesh,Shri S Niranjan Reddy (2022-28) (2022-2028),Elected MP,224621383.1,Rajya Sabha,79000247.59627706,54.25053672532126,124788245.59166665,99833137.50833334,80.00203627752596,1.1535539121647467,False,Low,Allocation within the normal range
168,Gujarat,Shri S. Jaishankar (2023-29) (2023-2029),Elected MP,171500000.0,Rajya Sabha,25878864.496277064,17.771365678998876,133388888.8888889,38111111.111111104,28.571428571428566,0.37788065595212894,False,Low,Allocation within the normal range
169,Tamil Nadu,Shri S. Kalyanasundaram (2022-28) (2022-2028),Elected MP,239763792.5,Rajya Sabha,94142656.99627706,64.64903372070617,121750710.55894737,118013081.94105263,96.93009708055452,1.3746618977021667,False,Low,Allocation within the normal range
170,Puducherry,Shri S. Selvaganabathy (2021-27) (2021-2027),Elected MP,292881856.5,Rajya Sabha,147260720.99627706,101.12592549624242,292881856.5,0.0,0.0,2.1502866887402265,False,Medium,Allocation moderately above the normal range
171,Tamil Nadu,Shri S.R. Sivalingam (2025-31) (2025-2031),Elected MP,89248285.42,Rajya Sabha,-56372850.083722934,-38.7119973269826,121750710.55894737,-32502425.138947368,-26.695881272258244,-0.8231508600616069,False,Low,Allocation within the normal range
172,Goa,Shri Sadanand Mhalu Shet Tanavade (2023-29) (2023-2029),Elected MP,171500000.0,Rajya Sabha,25878864.496277064,17.771365678998876,171500000.0,0.0,0.0,0.37788065595212894,False,Low,Allocation within the normal range
173,Jammu And Kashmir,Shri Sajjad Ahmad Kichloo (2025-31) (2025-2031),Elected MP,73500000.0,Rajya Sabha,-72121135.50372294,-49.52655756614334,98012791.42,-24512791.42,-25.009788074455397,-1.053105788164695,False,Low,Allocation within the normal range
174,West Bengal,Shri Samik Bhattacharya (2024-30) (2024-2030),Elected MP,147000000.0,Rajya Sabha,1378864.496277064,0.9468848677133218,131469353.81818181,15530646.181818187,11.81313038420848,0.020134044922922974,False,Low,Allocation within the normal range
175,West Bengal,Shri Samirul Islam (2023-29) (2023-2029),Elected MP,171500000.0,Rajya Sabha,25878864.496277064,17.771365678998876,131469353.81818181,40030646.18181819,30.44865211490989,0.37788065595212894,False,Low,Allocation within the normal range
176,Andhra Pradesh,Shri Sana Sathish Babu (2026-32) (2026-2032),Elected MP,49063978.0,Rajya Sabha,-96557157.50372294,-66.30710382096585,124788245.59166665,-75724267.59166665,-60.68221188031793,-1.4099181986763325,False,Low,Allocation within the normal range
177,Kerala,Shri Sandosh Kumar P (2022-28) (2022-2028),Elected MP,220563957.1,Rajya Sabha,74942821.59627706,51.46424750572082,193767187.46363637,26796769.636363626,13.82936398423623,1.094307773348347,False,Low,Allocation within the normal range
178,Haryana,Shri Sanjay Bhatia (2026-32) (2026-2032),Elected MP,49000000.0,Rajya Sabha,-96621135.50372294,-66.35103837742889,107800000.0,-58800000.0,-54.54545454545454,-1.4108523991939008,False,Low,Allocation within the normal range
179,Bihar,Shri Sanjay Kumar Jha (2024-30) (2024-2030),Elected MP,186200000.0,Rajya Sabha,40578864.496277064,27.86605416577021,167601610.4953333,18598389.504666686,11.096784481784283,0.5925286225696526,False,Low,Allocation within the normal range
180,Maharashtra,Shri Sanjay Raut (2022-28) (2022-2028),Elected MP,196063957.1,Rajya Sabha,50442821.59627706,34.63976669443526,121139530.96111113,74924426.13888887,61.84969146276579,0.7365611623191411,False,Low,Allocation within the normal range
181,Uttar Pradesh,Shri Sanjay Seth (2024-30) (2024-2030),Elected MP,147000000.0,Rajya Sabha,1378864.496277064,0.9468848677133218,182929220.4464516,-35929220.446451604,-19.641050434022418,0.020134044922922974,False,Low,Allocation within the normal range
182,Delhi,Shri Sanjay Singh (2024-30) (2024-2030),Elected MP,184466426.1,Rajya Sabha,38845290.59627706,26.675585561056103,141450874.025,43015552.07499999,30.410241273869705,0.5672151455209307,False,Low,Allocation within the normal range
183,Bihar,Shri Sanjay Yadav (2024-30) (2024-2030),Elected MP,186200000.0,Rajya Sabha,40578864.496277064,27.86605416577021,167601610.4953333,18598389.504666686,11.096784481784283,0.5925286225696526,False,Low,Allocation within the normal range
184,Punjab,Shri Sant Balbir Singh (2022-28) (2022-2028),Elected MP,196359074.44000003,Rajya Sabha,50737938.93627709,34.842427756635594,193845667.27285716,2513407.167142868,1.2966021900324427,0.7408704369412215,False,Low,Allocation within the normal range
185,Jammu And Kashmir,Shri Sat Paul Sharma (2025-31) (2025-2031),Elected MP,73500000.0,Rajya Sabha,-72121135.50372294,-49.52655756614334,98012791.42,-24512791.42,-25.009788074455397,-1.053105788164695,False,Low,Allocation within the normal range
186,Bihar,Shri Satish Chandra Dubey (2022-28) (2022-2028),Elected MP,235263957.1,Rajya Sabha,89642821.59627706,61.558935992492145,167601610.4953333,67662346.60466668,40.37094059221506,1.3089557399658707,False,Low,Allocation within the normal range
187,Chandigarh,Shri Satnam Singh Sandhu (2024-30) (2024-2030),Nominated MP,147000000.0,Rajya Sabha,1378864.496277064,0.9468848677133218,147000000.0,0.0,0.0,0.020134044922922974,False,Low,Allocation within the normal range
188,Bihar,Shri Shambhu Sharan Patel (2022-28) (2022-2028),Elected MP,237168443.5,Rajya Sabha,91547307.99627706,62.86677251870253,167601610.4953333,69566833.00466669,41.50725807411242,1.3367648646740835,False,Low,Allocation within the normal range
189,Bihar,Shri Shivesh Kumar (2026-32) (2026-2032),Elected MP,49000000.0,Rajya Sabha,-96621135.50372294,-66.35103837742889,167601610.4953333,-118601610.49533331,-70.76400408374099,-1.4108523991939008,False,Low,Allocation within the normal range
190,Haryana,Shri Subhash Barala (2024-30) (2024-2030),Elected MP,147000000.0,Rajya Sabha,1378864.496277064,0.9468848677133218,107800000.0,39200000.0,36.36363636363637,0.020134044922922974,False,Low,Allocation within the normal range
191,Odisha,Shri Subhasish Khuntia (2024-30) (2024-2030),Elected MP,147000000.0,Rajya Sabha,1378864.496277064,0.9468848677133218,122057659.87,24942340.129999995,20.43488311718031,0.020134044922922974,False,Low,Allocation within the normal range
192,Odisha,Shri Sujeet Kumar (2026-32) (2026-2032),Elected MP,49000000.0,Rajya Sabha,-96621135.50372294,-66.35103837742889,122057659.87,-73057659.87,-59.8550389609399,-1.4108523991939008,False,Low,Allocation within the normal range
193,Uttar Pradesh,Shri Surendra Singh Nagar (2022-28) (2022-2028),Elected MP,220563957.1,Rajya Sabha,74942821.59627706,51.46424750572082,182929220.4464516,37634736.65354839,20.573387106607775,1.094307773348347,False,Low,Allocation within the normal range
194,Arunachal Pradesh,Shri Tai Tagak (2026-32) (2026-2032),Elected MP,49000000.0,Rajya Sabha,-96621135.50372294,-66.35103837742889,49000000.0,0.0,0.0,-1.4108523991939008,False,Low,Allocation within the normal range
195,Madhya Pradesh,Shri Tarun Chugh (2026-32) (2026-2032),Elected MP,49000000.0,Rajya Sabha,-96621135.50372294,-66.35103837742889,135976948.68636364,-86976948.68636364,-63.96448039658509,-1.4108523991939008,False,Low,Allocation within the normal range
196,Uttar Pradesh,Shri Tejveer Singh (2024-30) (2024-2030),Elected MP,147000000.0,Rajya Sabha,1378864.496277064,0.9468848677133218,182929220.4464516,-35929220.446451604,-19.641050434022418,0.020134044922922974,False,Low,Allocation within the normal range
197,Assam,Shri Terash Gowalla (2026-32) (2026-2032),Elected MP,49000000.0,Rajya Sabha,-96621135.50372294,-66.35103837742889,112018273.45714286,-63018273.45714286,-56.257136904768544,-1.4108523991939008,False,Low,Allocation within the normal range
198,Tamil Nadu,Shri Tiruchi Siva (2026-32) (2026-2032),Elected MP,49356476.5,Rajya Sabha,-96264659.00372294,-66.10624115155443,121750710.55894737,-72394234.05894737,-59.461036183354885,-1.405647164100572,False,Low,Allocation within the normal range
199,Maharashtra,Shri Ujjwal Deorao Nikam (2025-31) (2025-2031),Nominated MP,73500000.0,Rajya Sabha,-72121135.50372294,-49.52655756614334,121139530.96111113,-47639530.96111113,-39.32616428604518,-1.053105788164695,False,Low,Allocation within the normal range
200,Bihar,Shri Upendra Kushwaha (2026-32) (2026-2032),Elected MP,49000000.0,Rajya Sabha,-96621135.50372294,-66.35103837742889,167601610.4953333,-118601610.49533331,-70.76400408374099,-1.4108523991939008,False,Low,Allocation within the normal range
201,Andhra Pradesh,Shri V. Vijayendra Prasad (2022-28) (2022-2028),Nominated MP,196063957.1,Rajya Sabha,50442821.59627706,34.63976669443526,124788245.59166665,71275711.50833334,57.1173279745934,0.7365611623191411,False,Low,Allocation within the normal range
202,Andhra Pradesh,Shri Vijay Chintakayala (2026-32) (2026-2032),Elected MP,49000000.0,Rajya Sabha,-96621135.50372294,-66.35103837742889,124788245.59166665,-75788245.59166665,-60.73348113223878,-1.4108523991939008,False,Low,Allocation within the normal range
203,Maharashtra,Shri Vinod Shridhar Tawde (2026-32) (2026-2032),Elected MP,49000000.0,Rajya Sabha,-96621135.50372294,-66.35103837742889,121139530.96111113,-72139530.96111113,-59.55077619069679,-1.4108523991939008,False,Low,Allocation within the normal range
204,Madhya Pradesh,Shri Vivek K. Tankha (2022-28) (2022-2028),Elected MP,220563957.1,Rajya Sabha,74942821.59627706,51.46424750572082,135976948.68636364,84587008.41363636,62.206873467016635,1.094307773348347,False,Low,Allocation within the normal range
205,Andhra Pradesh,Shri Yerram Venkata Subba Reddy (2024-30) (2024-2030),Elected MP,147000000.0,Rajya Sabha,1378864.496277064,0.9468848677133218,124788245.59166665,22211754.408333346,17.79955660328367,0.020134044922922974,False,Low,Allocation within the normal range
206,Manipur,Smt. Adhikarimayum Sharda Devi (2026-32) (2026-2032),Elected MP,49000000.0,Rajya Sabha,-96621135.50372294,-66.35103837742889,49000000.0,0.0,0.0,-1.4108523991939008,False,Low,Allocation within the normal range
207,Uttar Pradesh,Smt. Darshana Singh (2022-28) (2022-2028),Elected MP,196994373.9,Rajya Sabha,51373238.39627707,35.27869647394946,182929220.4464516,14065153.453548402,7.688850047696813,0.7501470177087184,False,Low,Allocation within the normal range
208,Uttar Pradesh,Smt. Geeta alias Chandraprabha (2020-26) (2020-2026),Elected MP,196063957.1,Rajya Sabha,50442821.59627706,34.63976669443526,182929220.4464516,13134736.65354839,7.180228845611512,0.7365611623191411,False,Low,Allocation within the normal range
209,Uttar Pradesh,Smt. Jaya Amitabh Bachchan (2024-30) (2024-2030),Elected MP,147000000.0,Rajya Sabha,1378864.496277064,0.9468848677133218,182929220.4464516,-35929220.446451604,-19.641050434022418,0.020134044922922974,False,Low,Allocation within the normal range
210,Kerala,Smt. Jebi Mather Hisham (2022-28) (2022-2028),Elected MP,220563957.1,Rajya Sabha,74942821.59627706,51.46424750572082,193767187.46363637,26796769.636363626,13.82936398423623,1.094307773348347,False,Low,Allocation within the normal range
211,Chhattisgarh,Smt. Laxmi Verma (2026-32) (2026-2032),Elected MP,49000000.0,Rajya Sabha,-96621135.50372294,-66.35103837742889,157358457.98,-108358457.97999999,-68.86090482265159,-1.4108523991939008,False,Low,Allocation within the normal range
212,Jharkhand,Smt. Mahua Maji (2022-28) (2022-2028),Elected MP,232524001.2,Rajya Sabha,86902865.69627705,59.67737127970363,173256322.32,59267678.879999995,34.20809012125636,1.2689471710844633,False,Low,Allocation within the normal range
213,West Bengal,Smt. Mamata Thakur (2024-30) (2024-2030),Elected MP,147000000.0,Rajya Sabha,1378864.496277064,0.9468848677133218,131469353.81818181,15530646.181818187,11.81313038420848,0.020134044922922974,False,Low,Allocation within the normal range
214,Maharashtra,Smt. Maya Chintaman Ivnate (2026-32) (2026-2032),Elected MP,49000000.0,Rajya Sabha,-96621135.50372294,-66.35103837742889,121139530.96111113,-72139530.96111113,-59.55077619069679,-1.4108523991939008,False,Low,Allocation within the normal range
215,Madhya Pradesh,Smt. Maya Naroliya (2024-30) (2024-2030),Elected MP,147000000.0,Rajya Sabha,1378864.496277064,0.9468848677133218,135976948.68636364,11023051.313636363,8.106558810244726,0.020134044922922974,False,Low,Allocation within the normal range
216,Karnataka,Smt. Nirmala Sitharaman (2022-28) (2022-2028),Elected MP,215972051.5,Rajya Sabha,70350915.99627706,48.31092392798879,140461140.57214287,75510910.92785713,53.759289309681805,1.0272572155293256,False,Low,Allocation within the normal range
217,Kerala,Smt. P. T. Usha (2022-28) (2022-2028),Nominated MP,196063957.1,Rajya Sabha,50442821.59627706,34.63976669443526,193767187.46363637,2296769.6363636255,1.1853243402186722,0.7365611623191411,False,Low,Allocation within the normal range
218,Chhattisgarh,Smt. Phulo Devi Netam (2026-32) (2026-2032),Elected MP,49000000.0,Rajya Sabha,-96621135.50372294,-66.35103837742889,157358457.98,-108358457.97999999,-68.86090482265159,-1.4108523991939008,False,Low,Allocation within the normal range
219,Tamil Nadu,Smt. Rajathi (2025-31) (2025-2031),Elected MP,89248285.42,Rajya Sabha,-56372850.083722934,-38.7119973269826,121750710.55894737,-32502425.138947368,-26.695881272258244,-0.8231508600616069,False,Low,Allocation within the normal range
220,Chhattisgarh,Smt. Ranjeet Ranjan (2022-28) (2022-2028),Elected MP,246780257.9,Rajya Sabha,101159122.39627707,69.46733525072042,157358457.98,89421799.92000002,56.82681507425892,1.477115641304358,False,Low,Allocation within the normal range
221,Haryana,Smt. Rekha Sharma (2024-28) (2024-2028),Elected MP,98000000.0,Rajya Sabha,-47621135.503722936,-32.702076754857785,107800000.0,-9800000.0,-9.090909090909092,-0.695359177135489,False,Low,Allocation within the normal range
222,Telangana,Smt. Renuka Chowdhury (2024-30) (2024-2030),Elected MP,147000000.0,Rajya Sabha,1378864.496277064,0.9468848677133218,167406415.53333333,-20406415.53333333,-12.189745218736903,0.020134044922922974,False,Low,Allocation within the normal range
223,Nagaland,Smt. S. Phangnon Konyak (2022-28) (2022-2028),Elected MP,206563957.1,Rajya Sabha,60942821.59627706,41.850258470700496,206563957.1,0.0,0.0,0.8898811384745152,False,Low,Allocation within the normal range
224,Uttar Pradesh,Smt. Sadhna Singh (2024-30) (2024-2030),Elected MP,147000000.0,Rajya Sabha,1378864.496277064,0.9468848677133218,182929220.4464516,-35929220.446451604,-19.641050434022418,0.020134044922922974,False,Low,Allocation within the normal range
225,West Bengal,Smt. Sagarika Ghose (2024-30) (2024-2030),Elected MP,147000000.0,Rajya Sabha,1378864.496277064,0.9468848677133218,131469353.81818181,15530646.181818187,11.81313038420848,0.020134044922922974,False,Low,Allocation within the normal range
226,Uttar Pradesh,Smt. Sangeeta Yadav (2022-28) (2022-2028),Elected MP,196063957.1,Rajya Sabha,50442821.59627706,34.63976669443526,182929220.4464516,13134736.65354839,7.180228845611512,0.7365611623191411,False,Low,Allocation within the normal range
227,Uttar Pradesh,Smt. Seema Dwivedi (2020-26) (2020-2026),Elected MP,173830159.1,Rajya Sabha,28209023.596277058,19.3715173959455,182929220.4464516,-9099061.34645161,-4.974088515899599,0.4119054119188172,False,Low,Allocation within the normal range
228,Rajasthan,Smt. Sonia Gandhi (2024-30) (2024-2030),Elected MP,147000000.0,Rajya Sabha,1378864.496277064,0.9468848677133218,137225582.84,9774417.159999996,7.122882597916607,0.020134044922922974,False,Low,Allocation within the normal range
229,Karnataka,Smt. Sudha Murty (2024-30) (2024-2030),Nominated MP,147000000.0,Rajya Sabha,1378864.496277064,0.9468848677133218,140461140.57214287,6538859.427857131,4.655280030635005,0.020134044922922974,False,Low,Allocation within the normal range
230,Odisha,Smt. Sulata Deo (2022-28) (2022-2028),Elected MP,196084721.4,Rajya Sabha,50463585.89627707,34.654025819615256,122057659.87,74027061.53,60.64925512159092,0.736864360603035,False,Low,Allocation within the normal range
231,Madhya Pradesh,Smt. Sumitra Balmik (2022-28) (2022-2028),Elected MP,196063957.1,Rajya Sabha,50442821.59627706,34.63976669443526,135976948.68636364,60087008.41363636,44.18911366530917,0.7365611623191411,False,Low,Allocation within the normal range
